source,array_idx,layer,rmse,pearson,spearman
wavlm,0,0,0.7978,0.6298,0.6358
wavlm,1,1,0.7511,0.6758,0.6801
wavlm,2,2,0.6988,0.7286,0.7294
wavlm,3,3,0.6743,0.7472,0.7474
wavlm,4,4,0.6514,0.7664,0.7653
wavlm,5,5,0.631,0.7828,0.7719
wavlm,6,6,0.6164,0.7943,0.7823
wavlm,7,7,0.5867,0.8159,0.8081
wavlm,8,8,0.5811,0.8199,0.8111
wavlm,9,9,0.5844,0.8176,0.8132
wavlm,10,10,0.5771,0.823,0.8162
wavlm,11,11,0.582,0.8194,0.8101
wavlm,12,12,0.5993,0.8067,0.7986
whisper,0,8,0.6689,0.7515,0.7444
whisper,1,12,0.6429,0.7733,0.7734
whisper,2,16,0.6319,0.782,0.7713
whisper,3,20,0.5771,0.8224,0.8111
whisper,4,24,0.5742,0.8242,0.8126
whisper,5,28,0.5601,0.8339,0.8255
whisper,6,32,0.5439,0.8451,0.8384
