cola_mean_p1,cola_min_p1,cola_frac_p1_gt_half
0.6803519,0.16877018,0.5714285714285714
0.49084806,0.077868454,0.4
0.9101765,0.31325886,0.9090909090909091
0.4597735,0.10474317,0.3333333333333333
0.33169436,0.08318633,0.25
0.81836176,0.6100301,1.0
0.56347555,0.31618354,0.5
0.9204353,0.72812474,1.0
0.8571272,0.29025558,0.8571428571428571
0.8647428,0.33707216,0.8571428571428571
0.81707686,0.16451691,0.8
0.7566209,0.23190019,0.8333333333333334
0.4140283,0.08651728,0.3333333333333333
0.87650436,0.52639663,1.0
0.6139503,0.16081958,0.5555555555555556
0.77130723,0.37927726,0.8
0.9497491,0.9205267,1.0
0.53148836,0.14142069,0.5
0.10846524,0.06524246,0.0
0.85974437,0.57984906,1.0
0.8553175,0.61461896,1.0
0.7443916,0.3611215,0.6666666666666666
0.86513835,0.57500947,1.0
0.40407768,0.17048298,0.5
0.902329,0.12788506,0.9166666666666666
0.6818908,0.37359267,0.6
0.8462369,0.49819112,0.8888888888888888
0.7797097,0.101054065,0.8
0.7072806,0.12001707,0.7142857142857143
0.9355595,0.84702075,1.0
0.7191734,0.17027417,0.75
0.57063615,0.1659633,0.42857142857142855
0.38927698,0.13349336,0.5
0.8461748,0.22007127,0.8333333333333334
0.5954345,0.26219285,0.6666666666666666
0.49646235,0.4651745,0.5
0.8133411,0.20928484,0.8333333333333334
0.7491091,0.16617538,0.8
0.6298237,0.15065089,0.6666666666666666
0.7103607,0.32906803,0.75
0.6268599,0.16380699,0.6666666666666666
0.978565,0.97847205,1.0
0.8622779,0.64636815,1.0
0.67833394,0.15769008,0.5714285714285714
0.90231717,0.84190583,1.0
0.6976771,0.196701,0.8333333333333334
0.9434468,0.72760594,1.0
0.35503107,0.11007975,0.25
0.74954146,0.16528802,0.8
0.621267,0.09273784,0.6
0.34192756,0.20198737,0.3333333333333333
0.651902,0.5813033,1.0
0.7027677,0.55698687,1.0
0.5023958,0.06388477,0.4
0.21558368,0.21558368,0.0
0.6553484,0.35172266,0.75
0.7065053,0.30364114,0.6666666666666666
0.591549,0.2548966,0.6666666666666666
0.54217184,0.17459518,0.5714285714285714
0.80654764,0.42998546,0.8
0.72365296,0.21417944,0.75
0.18068755,0.06563866,0.0
0.92125875,0.75278735,1.0
0.6032673,0.13998188,0.6
0.8835766,0.8109608,1.0
0.82064915,0.14424111,0.8333333333333334
0.89657086,0.697285,1.0
0.77452177,0.1163047,0.7777777777777778
0.29058743,0.22441359,0.0
0.7839894,0.5278736,1.0
0.9407188,0.8893657,1.0
0.87170166,0.32620046,0.9090909090909091
0.2077345,0.11309561,0.0
0.69194686,0.27932447,0.8571428571428571
0.6870528,0.14799307,0.6666666666666666
0.8554929,0.2292007,0.9
0.90558165,0.5432894,1.0
0.76017386,0.15978757,0.8333333333333334
0.59800506,0.071667805,0.6
0.68256617,0.17758095,0.6
0.6871953,0.123977855,0.5714285714285714
0.4506718,0.08300243,0.3333333333333333
0.5179993,0.05666864,0.5
0.91377324,0.7981582,1.0
0.9234966,0.74837375,1.0
0.7591147,0.081150584,0.8571428571428571
0.7570881,0.08217542,0.8
0.7118944,0.14797598,0.75
0.7437434,0.18098515,0.8333333333333334
0.31490082,0.10993354,0.2
0.56456494,0.37385875,0.5
0.28407824,0.06375618,0.5
0.8420619,0.45052665,0.875
0.9463507,0.92097646,1.0
0.7507405,0.20601635,0.8
0.34388554,0.08402668,0.3333333333333333
0.67576903,0.35845286,0.6
0.76272684,0.67542434,1.0
0.83403236,0.15597726,0.875
0.64075476,0.14142464,0.5555555555555556
0.5940806,0.092332564,0.5
0.82587975,0.30055964,0.8888888888888888
0.6616306,0.15526421,0.8
0.674947,0.13100658,0.6666666666666666
0.8352496,0.4333438,0.8333333333333334
0.8399402,0.38719243,0.7857142857142857
0.63673997,0.09774601,0.625
0.81517714,0.44805297,0.8333333333333334
0.45942995,0.0722682,0.5
0.098234534,0.05297249,0.0
0.31759813,0.2687665,0.0
0.7598044,0.33570436,0.75
0.5697471,0.08364956,0.5
0.714715,0.20909078,0.75
0.8379678,0.48823038,0.75
0.7079633,0.2569962,0.7142857142857143
0.7221813,0.16570307,0.8333333333333334
0.40605864,0.07982993,0.5
0.2419727,0.11568623,0.0
0.7443807,0.30848587,0.75
0.57793397,0.095539995,0.6666666666666666
0.4980751,0.15461677,0.6
0.9222687,0.88193107,1.0
0.83920085,0.8133288,1.0
0.51231956,0.35215044,0.4
0.23643966,0.108891696,0.0
0.96612334,0.9553247,1.0
0.63954747,0.23106807,0.5
0.41444442,0.097030155,0.3333333333333333
0.7351953,0.045883335,0.8
0.96981084,0.96974134,1.0
0.88375574,0.5016945,1.0
0.8481938,0.51316375,1.0
0.5005766,0.09610658,0.5
0.82428354,0.37492642,0.7777777777777778
0.8672499,0.6306248,1.0
0.89438385,0.7278066,1.0
0.6323954,0.28309765,0.6
0.6036906,0.23039792,0.5
0.14271969,0.066674456,0.0
0.632337,0.20842892,0.625
0.34830967,0.11314292,0.2
0.8100875,0.56260777,1.0
0.61626,0.24542849,0.5
0.5736337,0.20842977,0.5714285714285714
0.9461547,0.8441339,1.0
0.09840886,0.0810873,0.0
0.5633209,0.051163282,0.6
0.8115201,0.4435582,0.8333333333333334
0.967542,0.9598109,1.0
0.72715396,0.24321036,0.7777777777777778
0.41089535,0.1267109,0.25
0.8165323,0.09845896,0.8333333333333334
0.55442256,0.30656287,0.6
0.83897,0.40292364,0.8333333333333334
0.58155125,0.09087835,0.6666666666666666
0.93288666,0.8773273,1.0
0.6886679,0.1797385,0.75
0.90503603,0.58150953,1.0
0.9142866,0.8929848,1.0
0.56064266,0.08063638,0.5
0.78001446,0.21065247,0.7142857142857143
0.8452969,0.34456336,0.8888888888888888
0.8398114,0.5460682,1.0
0.72665936,0.18409263,0.7142857142857143
0.66620684,0.37953088,0.75
0.64993685,0.32900158,0.6666666666666666
0.9611149,0.91609645,1.0
0.6436663,0.11993216,0.625
0.77554375,0.48986474,0.8333333333333334
0.84047604,0.2988843,0.9
0.631689,0.05781104,0.6
0.7796352,0.6888121,1.0
0.2844727,0.23656827,0.0
0.5988316,0.10997889,0.5714285714285714
0.77273023,0.50940067,1.0
0.9175794,0.73502,1.0
0.7537669,0.39688632,0.8
0.8238353,0.1368497,0.8333333333333334
0.92152643,0.70579946,1.0
0.38315275,0.12756634,0.25
0.14685844,0.14685844,0.0
0.77278674,0.50298816,1.0
0.72462267,0.092516616,0.7142857142857143
0.7140302,0.15019833,0.8
0.9150341,0.8653799,1.0
0.751463,0.4798014,0.8
0.58894,0.303568,0.5
0.8497855,0.4770948,0.75
0.6389797,0.13035892,0.6
0.6849778,0.39195824,0.6666666666666666
0.8586615,0.647778,1.0
0.49687308,0.116004914,0.42857142857142855
0.7130655,0.47528443,0.5
0.8308746,0.3321771,0.8333333333333334
0.9674669,0.94065934,1.0
0.3016446,0.0818251,0.4
0.36058664,0.310135,0.0
0.19206877,0.19206877,0.0
0.8526937,0.545953,1.0
0.7342533,0.15052807,0.75
0.46325898,0.10465315,0.4
0.8325097,0.28900325,0.8
0.61470395,0.26495883,0.5
0.64207375,0.17475574,0.6666666666666666
0.94807637,0.75724506,1.0
0.42993903,0.07208595,0.4
0.5099862,0.15825345,0.3333333333333333
0.9033133,0.77877194,1.0
0.74569046,0.35422775,0.6
0.69443995,0.41245273,0.5
0.31851736,0.31851736,0.0
0.71729237,0.16501714,0.7777777777777778
0.69513315,0.3264152,0.6
0.56806856,0.14823353,0.42857142857142855
0.93306565,0.88959116,1.0
0.580792,0.22044107,0.4
0.96423906,0.937916,1.0
0.87218916,0.80834496,1.0
0.9188615,0.5534638,1.0
0.5862088,0.053047147,0.6
0.6834503,0.42048833,0.5
0.7270534,0.42559806,0.8
0.89755064,0.6713977,1.0
0.5030128,0.22127146,0.5
0.73413724,0.41802636,0.75
0.83689284,0.44492498,0.875
0.3495688,0.26061246,0.0
0.6982816,0.49132073,0.8
0.91240335,0.91240335,1.0
0.68928444,0.13824606,0.8571428571428571
0.5624784,0.07904762,0.5
0.80433303,0.41788083,0.8333333333333334
0.85519373,0.45061347,0.8888888888888888
0.31610632,0.06332406,0.25
0.5790115,0.18285479,0.42857142857142855
0.8826356,0.7801454,1.0
0.872061,0.50944185,1.0
0.6590022,0.17898518,0.75
0.341316,0.11745845,0.14285714285714285
0.59954697,0.39591324,0.3333333333333333
0.9555611,0.8791692,1.0
0.75764,0.161359,0.75
0.2676751,0.17228153,0.0
0.20042127,0.16461419,0.0
0.34317786,0.34317786,0.0
0.59420526,0.11766572,0.6
0.4713005,0.12176139,0.5
0.41976863,0.1104372,0.25
0.433545,0.065955035,0.25
0.7113298,0.14423501,0.7142857142857143
0.7508085,0.31063497,0.75
0.6237635,0.17421363,0.6666666666666666
0.6261829,0.100428596,0.8
0.22684059,0.22684059,0.0
0.7836383,0.21472263,0.8333333333333334
0.559118,0.123058416,0.5
0.64330894,0.22662936,0.5
0.48376593,0.13133459,0.4
0.8230609,0.17923439,0.8571428571428571
0.9708928,0.94153947,1.0
0.8249998,0.31305668,0.8
0.6074195,0.10333694,0.5
0.32981881,0.094665974,0.3333333333333333
0.5608702,0.31053615,0.5
0.47495952,0.080647446,0.5
0.8596125,0.4252577,0.8333333333333334
0.81201434,0.27979884,0.8333333333333334
0.50067073,0.3228593,0.3333333333333333
0.6384464,0.29745385,0.5
0.71468645,0.1522222,0.7142857142857143
0.9392599,0.88285285,1.0
0.65931684,0.37459436,0.6
0.111963704,0.084896855,0.0
0.8037875,0.3179328,0.8333333333333334
0.77594846,0.17903136,0.75
0.7087051,0.42165157,0.75
0.42026168,0.10589363,0.25
0.50774246,0.18582337,0.3333333333333333
0.35444131,0.089396685,0.3333333333333333
0.2653422,0.10967706,0.0
0.93606395,0.93606395,1.0
0.23593515,0.08029537,0.0
0.68952066,0.30052638,0.75
0.54097897,0.10343756,0.625
0.89898837,0.7764132,1.0
0.7872935,0.2508828,0.75
0.9023373,0.83784515,1.0
0.5682408,0.073696084,0.75
0.119021416,0.09994408,0.0
0.76379263,0.5074292,1.0
0.86799103,0.60046643,1.0
0.73145723,0.27075884,0.7142857142857143
0.8365864,0.6445308,1.0
0.5747825,0.121836424,0.6666666666666666
0.892984,0.7600219,1.0
0.6264134,0.282573,0.5
0.7169151,0.2282366,0.6666666666666666
0.68412024,0.4960455,0.6666666666666666
0.67033225,0.13631295,0.6666666666666666
0.67628145,0.25940248,0.75
0.9654282,0.9179835,1.0
0.96351355,0.935656,1.0
0.21983287,0.21983287,0.0
0.83304864,0.5678948,1.0
0.44106874,0.16039054,0.25
0.49413502,0.49413502,0.0
0.7057783,0.19756868,0.6
0.5501929,0.17444862,0.5
0.78527886,0.78527886,1.0
0.4043091,0.1999083,0.25
0.7046559,0.437209,0.5
0.79552144,0.13416038,0.8333333333333334
0.30229357,0.07060192,0.5
0.31247857,0.11622142,0.25
0.807283,0.3255724,0.75
0.48317173,0.10755001,0.5
0.4540606,0.4540606,0.0
0.7901959,0.6190374,1.0
0.8330199,0.21217969,0.8571428571428571
0.25209057,0.08031234,0.0
0.60871136,0.14133103,0.6
0.8152503,0.48635268,0.8571428571428571
0.88146,0.1668294,0.8888888888888888
0.90316105,0.825636,1.0
0.92703503,0.78789204,1.0
0.9612385,0.8803442,1.0
0.8841007,0.59359205,1.0
0.89762807,0.8107413,1.0
0.8203661,0.35234824,0.8333333333333334
0.8864879,0.22661774,0.9090909090909091
0.62527835,0.19250594,0.5
0.7882611,0.5418563,1.0
0.18484773,0.07003753,0.0
0.864205,0.74862456,1.0
0.769906,0.42166927,0.6666666666666666
0.9747835,0.95960844,1.0
0.82891434,0.20077574,0.8333333333333334
0.5888371,0.04482924,0.5714285714285714
0.8562185,0.5442691,1.0
0.5832974,0.09875875,0.5
0.88611,0.68115884,1.0
0.7772383,0.49087438,0.6666666666666666
0.9514736,0.8122019,1.0
0.7264952,0.14731362,0.8333333333333334
0.437798,0.37553543,0.5
0.121672034,0.121672034,0.0
0.6864038,0.39434054,0.5
0.90799177,0.85468763,1.0
0.8497697,0.54303247,1.0
0.7612979,0.23700593,0.75
0.7584854,0.22743452,0.8571428571428571
0.6574288,0.142139,0.6666666666666666
0.8739282,0.7024318,1.0
0.69368523,0.14513831,0.6666666666666666
0.946755,0.8653137,1.0
0.5901325,0.08619721,0.6
0.85817987,0.36219317,0.875
0.33437917,0.15976664,0.3333333333333333
0.81932455,0.25414175,0.8571428571428571
0.4361986,0.14720313,0.3333333333333333
0.80349785,0.3398227,0.75
0.64342964,0.3651543,0.5
0.45918998,0.18788373,0.3333333333333333
0.6004891,0.259085,0.6
0.4957172,0.17539841,0.3333333333333333
0.9195896,0.6241239,1.0
0.5978673,0.17916471,0.6
0.69680333,0.07184281,0.75
0.30675814,0.16533789,0.3333333333333333
0.71867675,0.2331313,0.6666666666666666
0.42016572,0.29846996,0.5
0.8108263,0.52488375,1.0
0.85261285,0.541583,1.0
0.6270402,0.308525,0.5
0.64258176,0.15206395,0.6666666666666666
0.27856454,0.1778724,0.0
0.45946088,0.38395634,0.3333333333333333
0.9352423,0.7908076,1.0
0.84064215,0.43351844,0.8
0.21505076,0.05263904,0.0
0.5511729,0.30376342,0.25
0.065566204,0.065566204,0.0
0.8086648,0.8086648,1.0
0.96101665,0.93451536,1.0
0.87333566,0.7441978,1.0
0.9462363,0.8187662,1.0
0.6283522,0.18192972,0.75
0.6066342,0.1678463,0.6666666666666666
0.5642961,0.06804331,0.5714285714285714
0.84729666,0.4948738,0.75
0.5540306,0.3105707,0.3333333333333333
0.5816316,0.042542,0.5
0.77305675,0.40688908,0.75
0.76506233,0.4922115,0.8
0.44965786,0.08318225,0.25
0.8103913,0.23184134,0.8
0.54239345,0.23232152,0.5
0.47094485,0.121381134,0.3333333333333333
0.6141826,0.2774752,0.8
0.2679535,0.07247838,0.0
0.61452436,0.21953003,0.4
0.5074774,0.5074774,1.0
0.64658195,0.14690576,0.8
0.7612436,0.140467,0.7777777777777778
0.83931166,0.5482827,1.0
0.8019478,0.26301777,0.8571428571428571
0.92246324,0.77621514,1.0
0.7827183,0.119605176,0.8888888888888888
0.5655557,0.079788715,0.4
0.87895375,0.4352052,0.8333333333333334
0.7261801,0.28530148,0.75
0.52500176,0.1901272,0.4
0.80610013,0.08077878,0.8333333333333334
0.8364037,0.6074247,1.0
0.28883004,0.21714413,0.0
0.97482795,0.9527891,1.0
0.8428564,0.20344497,0.9090909090909091
0.4628517,0.06771336,0.5
0.7196524,0.48554406,0.6666666666666666
0.8038802,0.24138193,0.8
0.81228244,0.3425771,0.875
0.71390903,0.27804714,0.75
0.3742174,0.08881336,0.375
0.84756887,0.5433638,1.0
0.42433235,0.20045349,0.3333333333333333
0.8806925,0.44381452,0.8571428571428571
0.5424559,0.20180832,0.5
0.45582524,0.2820367,0.3333333333333333
0.40966764,0.08451121,0.3333333333333333
0.9106369,0.82966447,1.0
0.43256262,0.2348163,0.5
0.5959923,0.19287957,0.5
0.7590307,0.30611128,0.8
0.6917236,0.32142243,0.6666666666666666
0.78084826,0.30414364,0.8333333333333334
0.701282,0.23155554,0.75
0.86315453,0.3872664,0.8571428571428571
0.87671757,0.05410533,0.9
0.08033645,0.08033645,0.0
0.6086201,0.06299056,0.6666666666666666
0.6545201,0.20456673,0.8333333333333334
0.4536549,0.39531088,0.5
0.613448,0.23352486,0.75
0.75178224,0.052679464,0.8
0.8374525,0.12909615,0.8888888888888888
0.62060803,0.19017784,0.6
0.7637577,0.1698467,0.8333333333333334
0.89174664,0.7403637,1.0
0.67709845,0.47096807,0.75
0.84924465,0.35944784,0.8571428571428571
0.89440775,0.60718703,1.0
0.85118353,0.38145888,0.8
0.3291046,0.063033395,0.25
0.8847196,0.8053723,1.0
0.70716935,0.21753608,0.6666666666666666
0.6887768,0.37732837,0.6666666666666666
0.8018017,0.8018017,1.0
0.6586045,0.24526095,0.7142857142857143
0.81043625,0.4927193,0.8888888888888888
0.62223977,0.27685407,0.6666666666666666
0.532392,0.23425047,0.25
0.26135033,0.11101583,0.25
0.68935245,0.15565297,0.6666666666666666
0.875686,0.39593768,0.9
0.5896048,0.2887685,0.6666666666666666
0.91207486,0.60698825,1.0
0.925221,0.86246437,1.0
0.8046821,0.4586048,0.8333333333333334
0.7552547,0.2368962,0.75
0.9407273,0.8503891,1.0
0.5363096,0.113353744,0.6666666666666666
0.5734347,0.047605447,0.8
0.9267288,0.6837145,1.0
0.49680677,0.07260902,0.6666666666666666
0.770548,0.36080903,0.8
0.6492196,0.26446384,0.6666666666666666
0.64475536,0.20278879,0.5
0.92714953,0.772474,1.0
0.3669639,0.3070632,0.0
0.48926353,0.23757279,0.4
0.77846456,0.35464942,0.75
0.75188744,0.12327936,0.8
0.8459382,0.73410344,1.0
0.9335568,0.6788625,1.0
0.6445585,0.2395119,0.625
0.5012781,0.5012781,1.0
0.69994944,0.14623354,0.7
0.36726743,0.057206262,0.2
0.8799706,0.67167324,1.0
0.96678054,0.9547664,1.0
0.39419115,0.09061105,0.25
0.6734597,0.20986223,0.5714285714285714
0.72496367,0.05554505,0.6666666666666666
0.78149736,0.5758822,1.0
0.7687692,0.25091043,0.8181818181818182
0.724669,0.23710205,0.8
0.5958061,0.23947555,0.5714285714285714
0.61495084,0.61495084,1.0
0.9401042,0.76294607,1.0
0.66899204,0.32255623,0.6666666666666666
0.7537694,0.19826232,0.7777777777777778
0.8495595,0.34628728,0.8
0.5643554,0.21925999,0.5
0.8818507,0.48449996,0.8333333333333334
0.8608254,0.59579885,1.0
0.74284196,0.2573987,0.7692307692307693
0.40643284,0.40643284,0.0
0.5347915,0.15743822,0.5
0.73443913,0.24351165,0.6666666666666666
0.39919513,0.11522536,0.25
0.91043836,0.822951,1.0
0.8943768,0.62569416,1.0
0.6236437,0.14019719,0.6
0.58403885,0.2278762,0.6666666666666666
0.20982987,0.17905286,0.0
0.4795881,0.22125971,0.4
0.8662169,0.20907813,0.8888888888888888
0.52181727,0.10315674,0.5
0.57463545,0.06233645,0.5714285714285714
0.6154032,0.05774572,0.5714285714285714
0.94232005,0.9009919,1.0
0.47972387,0.08751785,0.4
0.53299206,0.14687581,0.3333333333333333
0.27999952,0.27999952,0.0
0.68257046,0.41350716,0.5
0.8246479,0.1799154,0.7777777777777778
0.5694814,0.25413322,0.3333333333333333
0.78943974,0.33596167,0.8333333333333334
0.47967875,0.098696016,0.5
0.9557689,0.8955288,1.0
0.4600925,0.3131713,0.3333333333333333
0.51956046,0.10897912,0.6666666666666666
0.39232615,0.082119465,0.3333333333333333
0.57314956,0.50399244,1.0
0.34911317,0.33819124,0.0
0.9405327,0.76845556,1.0
0.7736735,0.24032262,0.6666666666666666
0.8325941,0.45238572,0.8571428571428571
0.38918635,0.05876812,0.25
0.68950266,0.2095348,0.6666666666666666
0.63150936,0.07418417,0.6
0.8754436,0.4501956,0.8
0.7219599,0.17892368,0.75
0.780078,0.15752463,0.8
0.67821205,0.21309797,0.6
0.37900618,0.0923944,0.3333333333333333
0.64322084,0.23734209,0.6
0.59541684,0.59541684,1.0
0.7014501,0.2830168,0.6666666666666666
0.47022086,0.20129195,0.25
0.7585461,0.30807176,0.8
0.8066961,0.3577538,0.8
0.8720562,0.5910285,1.0
0.8568487,0.726482,1.0
0.8871703,0.67213655,1.0
0.40168333,0.15790254,0.25
0.8921914,0.80667377,1.0
0.72708774,0.228014,0.75
0.97324026,0.9577438,1.0
0.72115886,0.32171863,0.7
0.75379664,0.1516235,0.6666666666666666
0.43421108,0.04822041,0.4
0.606001,0.17598875,0.6666666666666666
0.76135546,0.22358279,0.75
0.85798246,0.3974241,0.8
0.78051186,0.5209567,1.0
0.6829334,0.14758608,0.6
0.8738704,0.5653433,1.0
0.42567715,0.42567715,0.0
0.7518262,0.32493046,0.8
0.88102627,0.49130204,0.9
0.6826041,0.18046011,0.6666666666666666
0.29691792,0.29691792,0.0
0.8448355,0.44584224,0.8333333333333334
0.7484938,0.1510493,0.8
0.5796111,0.3902064,0.6666666666666666
0.30633274,0.08418241,0.3333333333333333
0.92365944,0.91669667,1.0
0.9305021,0.70285213,1.0
0.7125589,0.22374734,0.6666666666666666
0.6814415,0.0638579,0.6666666666666666
0.8119464,0.67857355,1.0
0.9646783,0.8689375,1.0
0.346547,0.099783495,0.25
0.86834425,0.3837624,0.9230769230769231
0.5938434,0.062356632,0.5
0.7479445,0.44729385,0.75
0.15339537,0.14927867,0.0
0.8281843,0.38408723,0.8
0.4626452,0.15145713,0.3333333333333333
0.8951466,0.459245,0.875
0.66759026,0.19554093,0.8
0.74312735,0.49890736,0.6666666666666666
0.5644852,0.17152536,0.5
0.4916187,0.116766326,0.5
0.6690432,0.19970582,0.6
0.9163126,0.8006994,1.0
0.6474269,0.3045457,0.75
0.19161686,0.09505452,0.0
0.6964418,0.26331106,0.7777777777777778
0.6015174,0.27819005,0.6666666666666666
0.7717081,0.27615798,0.8333333333333334
0.9762553,0.9714595,1.0
0.6717212,0.3039727,0.6666666666666666
0.96821547,0.9360002,1.0
0.386434,0.09352165,0.3333333333333333
0.1773234,0.13388819,0.0
0.852336,0.4885026,0.875
0.679079,0.37604046,0.5
0.59789526,0.17494518,0.6
0.5438835,0.17393571,0.4
0.8308891,0.53839034,1.0
0.6909891,0.17785409,0.6666666666666666
0.9285459,0.88971484,1.0
0.9521305,0.91723526,1.0
0.775861,0.16967118,0.75
0.5079014,0.2650667,0.3333333333333333
0.4824487,0.09173912,0.3333333333333333
0.86331797,0.4194378,0.8571428571428571
0.710269,0.5130571,1.0
0.6370098,0.27349547,0.6666666666666666
0.56729996,0.039411984,0.5
0.59007084,0.051072743,0.6
0.34505296,0.22191529,0.0
0.70901453,0.6179162,1.0
0.91539586,0.91539586,1.0
0.21754795,0.04962602,0.0
0.79367805,0.5359273,1.0
0.6754291,0.17056331,0.75
0.6378162,0.2976126,0.5
0.89980197,0.62778807,1.0
0.70189804,0.23991671,0.6
0.866801,0.38794914,0.8333333333333334
0.5809303,0.07595976,0.5
0.7701023,0.13998348,0.7894736842105263
0.81256455,0.07406713,0.8333333333333334
0.14180999,0.061740153,0.0
0.76424885,0.17253804,0.75
0.72158283,0.220439,0.6666666666666666
0.8932902,0.68024653,1.0
0.29542014,0.11356443,0.3333333333333333
0.6419336,0.21011505,0.6666666666666666
0.86895955,0.86895955,1.0
0.6308612,0.10875319,0.6666666666666666
0.52323693,0.22353159,0.5
0.5064752,0.12113266,0.5
0.9061586,0.68932265,1.0
0.8231262,0.45144677,0.875
0.49243206,0.49243206,0.0
0.822491,0.24525458,0.8
0.95162755,0.90071577,1.0
0.84790784,0.6713476,1.0
0.7845048,0.1872439,0.8
0.79589784,0.37106952,0.875
0.53856117,0.30832282,0.4
0.32166797,0.24575937,0.0
0.8076183,0.3354539,0.75
0.8575644,0.5048825,1.0
0.58340484,0.33910662,0.5
0.74185336,0.63755393,1.0
0.5970012,0.23329139,0.5
0.7303476,0.4691037,0.8333333333333334
0.6346047,0.17569076,0.5
0.773927,0.2267821,0.75
0.56970495,0.2858788,0.6
0.36584967,0.14623354,0.5
0.86054045,0.5390105,1.0
0.7840792,0.11072655,0.8
0.71730644,0.52725697,1.0
0.86787975,0.5557188,1.0
0.7365391,0.073544554,0.75
0.44076025,0.39264244,0.3333333333333333
0.73215425,0.5100825,1.0
0.6093238,0.11204858,0.75
0.56087923,0.3089153,0.75
0.66643894,0.10532637,0.6
0.9694282,0.94071007,1.0
0.9132233,0.641971,1.0
0.39015922,0.22440061,0.16666666666666666
0.34472167,0.09242756,0.25
0.6793001,0.23406935,0.6666666666666666
0.18091266,0.099504,0.0
0.6352021,0.12804264,0.6
0.85830957,0.4898824,0.75
0.41334862,0.35108966,0.0
0.47617802,0.09752207,0.4
0.79121,0.39584094,0.75
0.6288658,0.11527226,0.5714285714285714
0.27947402,0.11405235,0.0
0.82191336,0.4746188,0.75
0.93606395,0.93606395,1.0
0.84648097,0.42246616,0.9
0.8547146,0.13047811,0.875
0.42966467,0.14523655,0.5
0.97797805,0.96433306,1.0
0.70346385,0.12651607,0.75
0.9040984,0.4699743,0.875
0.8550483,0.29451102,0.9
0.40933132,0.22501966,0.3333333333333333
0.42214572,0.09342913,0.3333333333333333
0.7152412,0.5215318,1.0
0.80433303,0.4619774,0.8
0.7579748,0.550574,1.0
0.55756116,0.55756116,1.0
0.67523223,0.3070989,0.75
0.92654574,0.89492214,1.0
0.49423206,0.19057752,0.3333333333333333
0.79566145,0.31900367,0.7142857142857143
0.847199,0.28284675,0.8571428571428571
0.8904073,0.80660415,1.0
0.9011694,0.608495,1.0
0.84701437,0.27123725,0.8333333333333334
0.9050488,0.3212558,0.9285714285714286
0.72415274,0.1938518,0.6666666666666666
0.6202699,0.15068388,0.6
0.7477436,0.24790052,0.7777777777777778
0.8295188,0.41369012,0.8
0.73139274,0.41294047,0.6
0.63509023,0.2062874,0.6
0.9578226,0.9302989,1.0
0.8783957,0.66643864,1.0
0.68249726,0.48871005,0.6666666666666666
0.62499154,0.123911604,0.6
0.7829056,0.4087031,0.8
0.8938481,0.5213191,1.0
0.9093895,0.83741593,1.0
0.7970652,0.2555495,0.75
0.39553684,0.09981589,0.375
0.15015471,0.11691885,0.0
0.6740156,0.6740156,1.0
0.6387536,0.23282337,0.6
0.8661549,0.28408885,0.875
0.7576732,0.20870535,0.75
0.5353236,0.12593368,0.42857142857142855
0.4863674,0.2753971,0.5
0.7161541,0.15092514,0.8
0.83378345,0.1326976,0.8333333333333334
0.67026174,0.12142366,0.8
0.92706996,0.8158477,1.0
0.7482792,0.19404006,0.75
0.41281864,0.13749503,0.3333333333333333
0.7859121,0.37738535,0.8
0.53736734,0.14726323,0.5
0.8926548,0.7349192,1.0
0.32597488,0.19669488,0.0
0.7986519,0.6508612,1.0
0.6948167,0.07662109,0.7777777777777778
0.93079495,0.81077194,1.0
0.95147514,0.8722511,1.0
0.74897915,0.33836925,0.6666666666666666
0.10331048,0.051423028,0.0
0.5524159,0.108214185,0.5714285714285714
0.25484353,0.066555195,0.25
0.2096574,0.19199611,0.0
0.090868175,0.08821146,0.0
0.5971192,0.1262378,0.6666666666666666
0.78152156,0.1708163,0.875
0.8599685,0.4545783,0.8
0.5373118,0.22449408,0.5
0.69121236,0.12134157,0.75
0.22127427,0.14829272,0.0
0.7608997,0.17946893,0.8
0.7268346,0.2379635,0.6666666666666666
0.79972833,0.32412785,0.8571428571428571
0.8516399,0.67612547,1.0
0.40245694,0.15076777,0.25
0.6085821,0.1485299,0.4
0.9066697,0.42718378,0.875
0.7335647,0.24827583,0.6666666666666666
0.94597805,0.86398846,1.0
0.8148412,0.3364846,0.8571428571428571
0.38822034,0.052078523,0.3333333333333333
0.44216853,0.28556758,0.5
0.52409226,0.0915469,0.5
0.5577559,0.18040247,0.6
0.39302787,0.10232355,0.3333333333333333
0.96741754,0.9559655,1.0
0.38129413,0.16723707,0.3333333333333333
0.6362082,0.13031985,0.6
0.9128129,0.88350224,1.0
0.30464196,0.09903955,0.25
0.76086783,0.62221104,1.0
0.49842134,0.14503618,0.4444444444444444
0.7998693,0.40549278,0.8888888888888888
0.73132735,0.29257992,0.75
0.824256,0.824256,1.0
0.6385639,0.22709139,0.5
0.37324238,0.05834576,0.375
0.46896154,0.14046799,0.5
0.7181428,0.15920821,0.75
0.96984446,0.96282035,1.0
0.48428053,0.10646273,0.4
0.71687955,0.16160868,0.6666666666666666
0.9123511,0.54204553,1.0
0.51268995,0.13568062,0.3333333333333333
0.84215224,0.58831,1.0
0.73340434,0.12379792,0.8
0.6758349,0.42515892,0.5
0.4329219,0.16740823,0.25
0.51587766,0.4913105,0.5
0.4347324,0.34823018,0.3333333333333333
0.773976,0.4897687,0.8
0.45982438,0.112724535,0.4
0.42079028,0.42079028,0.0
0.7389182,0.348501,0.7142857142857143
0.34029356,0.24103847,0.0
0.7619919,0.23188247,0.6666666666666666
0.82598346,0.6681496,1.0
0.7206858,0.18087915,0.75
0.869102,0.47323775,0.8333333333333334
0.63410145,0.14819442,0.5
0.65924144,0.08867173,0.75
0.5675716,0.15012619,0.4
0.59073126,0.39308628,0.4
0.60058063,0.06453449,0.6
0.91744316,0.6886784,1.0
0.8925069,0.88219875,1.0
0.8719948,0.34296563,0.8333333333333334
0.7761018,0.4719386,0.8
0.96682256,0.94018817,1.0
0.9114115,0.7935226,1.0
0.8253454,0.33078757,0.8
0.5341588,0.39031145,0.5
0.6728421,0.2747459,0.6666666666666666
0.7781593,0.11022097,0.8333333333333334
0.48000506,0.17278035,0.5
0.4958728,0.055421293,0.42857142857142855
0.7667229,0.38464612,0.6666666666666666
0.6339797,0.18616293,0.8
0.48613825,0.12168278,0.5
0.8701671,0.55364585,1.0
0.9253818,0.821613,1.0
0.6762003,0.13143772,0.75
0.3457115,0.21635166,0.0
0.9518479,0.88435006,1.0
0.42737338,0.18848409,0.3333333333333333
0.7432152,0.5951914,1.0
0.89492446,0.6095505,1.0
0.28312045,0.2193523,0.0
0.46546248,0.13473405,0.3333333333333333
0.687791,0.1331003,0.7142857142857143
0.7403722,0.1832437,0.75
0.75048697,0.5018364,1.0
0.8951793,0.6062008,1.0
0.7294713,0.55544615,1.0
0.96699643,0.943579,1.0
0.30326554,0.05670053,0.2
0.8917014,0.32947338,0.9
0.45710334,0.10902198,0.4
0.9051691,0.795446,1.0
0.9330636,0.8315526,1.0
0.5998124,0.10204986,0.5
0.8814625,0.6902084,1.0
0.41285175,0.044503447,0.4
0.7171602,0.1706311,0.75
0.79711205,0.1473695,0.8333333333333334
0.5650644,0.108614154,0.5555555555555556
0.5044104,0.22112821,0.5
0.67841905,0.2860415,0.6666666666666666
0.784174,0.2592384,0.7777777777777778
0.2431105,0.05393669,0.16666666666666666
0.8951547,0.35131392,0.8888888888888888
0.6851766,0.17503914,0.6666666666666666
0.6133392,0.22458223,0.6666666666666666
0.9550676,0.9550676,1.0
0.6488995,0.30788186,0.5714285714285714
0.6597874,0.23826604,0.6
0.56928724,0.19283673,0.6666666666666666
0.7887252,0.2695403,0.8
0.79980147,0.46332502,0.8
0.73045224,0.23123175,0.8571428571428571
0.15759924,0.08522515,0.0
0.55697244,0.15418455,0.5
0.52193254,0.14267215,0.5
0.65612584,0.30315363,0.6666666666666666
0.84615564,0.60180855,1.0
0.4128325,0.059020843,0.5
0.5028225,0.09353255,0.6
0.17271711,0.08344338,0.0
0.91272813,0.7079857,1.0
0.7694726,0.3555381,0.7142857142857143
0.7711563,0.35572886,0.8333333333333334
0.79729223,0.18908049,0.8571428571428571
0.7202245,0.16135693,0.75
0.47113964,0.15388015,0.3333333333333333
0.24812242,0.22163105,0.0
0.80401486,0.48499113,0.75
0.5290588,0.379791,0.5
0.9115467,0.73793757,1.0
0.5123664,0.05900857,0.5
0.80465233,0.5288563,1.0
0.86205226,0.46029654,0.8
0.74005914,0.50924385,1.0
0.7135593,0.24150473,0.6666666666666666
0.56998146,0.2366006,0.6666666666666666
0.7729233,0.41254795,0.6666666666666666
0.9652445,0.93362784,1.0
0.44282287,0.14489795,0.2857142857142857
0.30987668,0.30987668,0.0
0.70169395,0.30533147,0.8
0.3350591,0.2264404,0.0
0.671011,0.18245573,0.6666666666666666
0.5751197,0.19328493,0.6
0.16114943,0.13869286,0.0
0.6163216,0.1253153,0.5
0.60768723,0.15874243,0.6666666666666666
0.42919824,0.2526975,0.5
0.3658181,0.1522837,0.3333333333333333
0.25274223,0.12676597,0.0
0.73406106,0.22428465,0.8
0.57884234,0.08190041,0.4
0.6576879,0.17470732,0.6666666666666666
0.8344408,0.20559914,0.8571428571428571
0.6064545,0.23799972,0.5
0.8863329,0.7068061,1.0
0.72589386,0.4314922,0.75
0.29347262,0.29347262,0.0
0.66517967,0.0657045,0.75
0.09248671,0.09248671,0.0
0.82120794,0.5023625,1.0
0.56708723,0.10982595,0.5
0.7505667,0.44989586,0.75
0.70592946,0.32566848,0.6666666666666666
0.6312253,0.19056113,0.5
0.88939023,0.7780296,1.0
0.7892034,0.28290287,0.8
0.2771933,0.16891243,0.0
0.71686924,0.16649613,0.875
0.91246736,0.82320684,1.0
0.68256676,0.37957922,0.75
0.93419015,0.82112545,1.0
0.2889756,0.10797907,0.0
0.66232294,0.36154476,0.8571428571428571
0.92120963,0.8459666,1.0
0.67509395,0.18128791,0.6666666666666666
0.67770493,0.050094627,0.7142857142857143
0.67787397,0.5163916,1.0
0.7990001,0.37679628,0.8
0.6523733,0.33871666,0.5
0.8184363,0.33371794,0.8
0.42787194,0.06865558,0.3333333333333333
0.7615352,0.24929732,0.7142857142857143
0.9712587,0.9497769,1.0
0.7978264,0.35076392,0.8
0.49367276,0.19993585,0.5
0.5747906,0.2808374,0.6
0.64490104,0.33582953,0.6666666666666666
0.2915021,0.15778121,0.3333333333333333
0.81225324,0.42407694,0.75
0.14929368,0.086497955,0.0
0.45785204,0.068991266,0.4
0.74377346,0.5516204,1.0
0.189318,0.18075317,0.0
0.8252131,0.12700365,0.8571428571428571
0.46645314,0.45168674,0.0
0.51064664,0.09554762,0.4
0.65405124,0.22739892,0.5
0.79376554,0.09787788,0.8
0.6560632,0.2241707,0.75
0.85752916,0.5579768,1.0
0.5761428,0.17622235,0.5
0.92064446,0.74917066,1.0
0.5067713,0.07092713,0.4
0.7353567,0.7353567,1.0
0.2558128,0.082073964,0.0
0.96405363,0.951139,1.0
0.40400597,0.2933886,0.3333333333333333
0.59677535,0.20761317,0.5
0.888423,0.290468,0.9166666666666666
0.7559479,0.16728075,0.6666666666666666
0.5255801,0.29035017,0.5
0.8381942,0.24688604,0.9
0.4387659,0.19996868,0.5
0.867181,0.24716094,0.8571428571428571
0.6751469,0.08320138,0.6666666666666666
0.114541404,0.09447562,0.0
0.6755131,0.2993789,0.625
0.7006658,0.1282337,0.7142857142857143
0.9792715,0.9694939,1.0
0.4393527,0.16564555,0.5
0.70078063,0.16243581,0.6666666666666666
0.76602244,0.5174962,1.0
0.16757344,0.067418806,0.0
0.7049726,0.3583519,0.7142857142857143
