split,filename
train,audio_192.wav
train,audio_436.wav
train,audio_447.wav
train,audio_126.wav
train,audio_61.wav
train,audio_639.wav
train,audio_703.wav
train,audio_509.wav
train,audio_672.wav
train,audio_344.wav
train,audio_592.wav
train,audio_705.wav
train,audio_497.wav
train,audio_702.wav
train,audio_598.wav
train,audio_99.wav
train,audio_194.wav
train,audio_5055.wav
train,audio_178.wav
train,audio_609.wav
train,audio_77.wav
train,audio_18.wav
train,audio_9.wav
train,audio_138.wav
train,audio_269.wav
train,audio_717.wav
train,audio_529.wav
train,audio_578.wav
train,audio_171.wav
train,audio_596.wav
train,audio_5066.wav
train,audio_501.wav
train,audio_8.wav
train,audio_84.wav
train,audio_11.wav
train,audio_142.wav
train,audio_610.wav
train,audio_654.wav
train,audio_170.wav
train,audio_255.wav
train,audio_162.wav
train,audio_5069.wav
train,audio_769.wav
train,audio_720.wav
train,audio_623.wav
train,audio_718.wav
train,audio_136.wav
train,audio_119.wav
train,audio_542.wav
train,audio_5073.wav
train,audio_322.wav
train,audio_5039.wav
train,audio_707.wav
train,audio_148.wav
train,audio_316.wav
train,audio_647.wav
train,audio_286.wav
train,audio_92.wav
train,audio_462.wav
train,audio_376.wav
train,audio_76.wav
train,audio_105.wav
train,audio_355.wav
train,audio_663.wav
train,audio_767.wav
train,audio_655.wav
train,audio_372.wav
train,audio_667.wav
train,audio_517.wav
train,audio_765.wav
train,audio_38.wav
train,audio_371.wav
train,audio_507.wav
train,audio_5056.wav
train,audio_282.wav
train,audio_459.wav
train,audio_303.wav
train,audio_297.wav
train,audio_432.wav
train,audio_454.wav
train,audio_482.wav
train,audio_484.wav
train,audio_757.wav
train,audio_773.wav
train,audio_668.wav
train,audio_240.wav
train,audio_163.wav
train,audio_659.wav
train,audio_532.wav
train,audio_464.wav
train,audio_5.wav
train,audio_231.wav
train,audio_384.wav
train,audio_54.wav
train,audio_656.wav
train,audio_444.wav
train,audio_5062.wav
train,audio_312.wav
train,audio_120.wav
train,audio_446.wav
train,audio_546.wav
train,audio_430.wav
train,audio_179.wav
train,audio_674.wav
train,audio_737.wav
train,audio_669.wav
train,audio_540.wav
train,audio_692.wav
train,audio_572.wav
train,audio_479.wav
train,audio_419.wav
train,audio_5037.wav
train,audio_433.wav
train,audio_405.wav
train,audio_267.wav
train,audio_358.wav
train,audio_331.wav
train,audio_487.wav
train,audio_494.wav
train,audio_536.wav
train,audio_634.wav
train,audio_317.wav
train,audio_5054.wav
train,audio_723.wav
train,audio_155.wav
train,audio_410.wav
train,audio_251.wav
train,audio_779.wav
train,audio_382.wav
train,audio_559.wav
train,audio_161.wav
train,audio_535.wav
train,audio_363.wav
train,audio_5057.wav
train,audio_660.wav
train,audio_293.wav
train,audio_74.wav
train,audio_215.wav
train,audio_228.wav
train,audio_602.wav
train,audio_396.wav
train,audio_576.wav
train,audio_5040.wav
train,audio_198.wav
train,audio_600.wav
train,audio_710.wav
train,audio_246.wav
train,audio_490.wav
train,audio_657.wav
train,audio_688.wav
train,audio_698.wav
train,audio_499.wav
train,audio_463.wav
train,audio_604.wav
train,audio_97.wav
train,audio_234.wav
train,audio_782.wav
train,audio_758.wav
train,audio_727.wav
train,audio_643.wav
train,audio_261.wav
train,audio_205.wav
train,audio_128.wav
train,audio_650.wav
train,audio_35.wav
train,audio_141.wav
train,audio_260.wav
train,audio_722.wav
train,audio_5047.wav
train,audio_324.wav
train,audio_279.wav
train,audio_450.wav
train,audio_32.wav
train,audio_254.wav
train,audio_544.wav
train,audio_176.wav
train,audio_301.wav
train,audio_213.wav
train,audio_295.wav
train,audio_40.wav
train,audio_496.wav
train,audio_45.wav
train,audio_146.wav
train,audio_415.wav
train,audio_595.wav
train,audio_783.wav
train,audio_673.wav
train,audio_48.wav
train,audio_777.wav
train,audio_330.wav
train,audio_200.wav
train,audio_259.wav
train,audio_721.wav
train,audio_223.wav
train,audio_175.wav
train,audio_400.wav
train,audio_506.wav
train,audio_153.wav
train,audio_5050.wav
train,audio_281.wav
train,audio_543.wav
train,audio_445.wav
train,audio_124.wav
train,audio_249.wav
train,audio_420.wav
train,audio_203.wav
train,audio_278.wav
train,audio_516.wav
train,audio_326.wav
train,audio_603.wav
train,audio_199.wav
train,audio_406.wav
train,audio_538.wav
train,audio_631.wav
train,audio_5061.wav
train,audio_196.wav
train,audio_756.wav
train,audio_649.wav
train,audio_27.wav
train,audio_681.wav
train,audio_556.wav
train,audio_185.wav
train,audio_369.wav
train,audio_241.wav
train,audio_98.wav
train,audio_389.wav
train,audio_357.wav
train,audio_112.wav
train,audio_675.wav
train,audio_113.wav
train,audio_483.wav
train,audio_474.wav
train,audio_725.wav
train,audio_774.wav
train,audio_588.wav
train,audio_395.wav
train,audio_210.wav
train,audio_309.wav
train,audio_457.wav
train,audio_492.wav
train,audio_738.wav
train,audio_305.wav
train,audio_123.wav
train,audio_5053.wav
train,audio_89.wav
train,audio_747.wav
train,audio_115.wav
train,audio_235.wav
train,audio_414.wav
train,audio_56.wav
train,audio_43.wav
train,audio_394.wav
train,audio_423.wav
train,audio_579.wav
train,audio_172.wav
train,audio_144.wav
train,audio_151.wav
train,audio_65.wav
train,audio_481.wav
train,audio_262.wav
train,audio_229.wav
train,audio_22.wav
train,audio_434.wav
train,audio_488.wav
train,audio_439.wav
train,audio_160.wav
train,audio_594.wav
train,audio_651.wav
train,audio_569.wav
train,audio_440.wav
train,audio_658.wav
train,audio_274.wav
train,audio_5065.wav
train,audio_158.wav
train,audio_493.wav
train,audio_646.wav
train,audio_64.wav
train,audio_451.wav
train,audio_277.wav
train,audio_491.wav
train,audio_52.wav
train,audio_743.wav
train,audio_243.wav
train,audio_661.wav
train,audio_456.wav
train,audio_90.wav
train,audio_735.wav
train,audio_775.wav
train,audio_587.wav
train,audio_103.wav
train,audio_111.wav
train,audio_421.wav
train,audio_683.wav
train,audio_152.wav
train,audio_134.wav
train,audio_12.wav
train,audio_232.wav
train,audio_36.wav
train,audio_268.wav
train,audio_68.wav
train,audio_729.wav
train,audio_247.wav
train,audio_224.wav
train,audio_425.wav
train,audio_392.wav
train,audio_615.wav
train,audio_245.wav
train,audio_271.wav
train,audio_321.wav
train,audio_5043.wav
train,audio_187.wav
train,audio_221.wav
train,audio_219.wav
train,audio_601.wav
train,audio_100.wav
train,audio_227.wav
train,audio_411.wav
train,audio_28.wav
train,audio_653.wav
train,audio_29.wav
train,audio_470.wav
train,audio_356.wav
train,audio_365.wav
train,audio_58.wav
train,audio_708.wav
train,audio_319.wav
train,audio_5067.wav
train,audio_135.wav
train,audio_612.wav
train,audio_373.wav
train,audio_680.wav
train,audio_63.wav
train,audio_700.wav
train,audio_429.wav
train,audio_745.wav
train,audio_731.wav
train,audio_461.wav
train,audio_79.wav
train,audio_5038.wav
train,audio_760.wav
train,audio_72.wav
train,audio_696.wav
train,audio_744.wav
train,audio_662.wav
train,audio_570.wav
train,audio_10.wav
train,audio_628.wav
train,audio_606.wav
train,audio_73.wav
train,audio_605.wav
train,audio_106.wav
train,audio_306.wav
train,audio_75.wav
train,audio_550.wav
train,audio_340.wav
train,audio_272.wav
train,audio_518.wav
train,audio_34.wav
train,audio_87.wav
train,audio_211.wav
train,audio_431.wav
train,audio_555.wav
train,audio_648.wav
train,audio_5051.wav
train,audio_422.wav
train,audio_627.wav
train,audio_122.wav
train,audio_88.wav
train,audio_165.wav
train,audio_276.wav
train,audio_746.wav
train,audio_252.wav
train,audio_266.wav
train,audio_611.wav
train,audio_5058.wav
train,audio_81.wav
train,audio_3.wav
train,audio_21.wav
train,audio_190.wav
train,audio_189.wav
train,audio_519.wav
train,audio_748.wav
train,audio_505.wav
train,audio_361.wav
train,audio_5052.wav
train,audio_16.wav
train,audio_327.wav
train,audio_313.wav
train,audio_589.wav
train,audio_416.wav
train,audio_762.wav
train,audio_714.wav
train,audio_455.wav
train,audio_42.wav
train,audio_561.wav
train,audio_226.wav
train,audio_110.wav
train,audio_739.wav
train,audio_504.wav
train,audio_379.wav
train,audio_520.wav
train,audio_5068.wav
train,audio_30.wav
train,audio_5041.wav
train,audio_485.wav
train,audio_475.wav
train,audio_145.wav
train,audio_308.wav
train,audio_184.wav
train,audio_586.wav
train,audio_398.wav
train,audio_726.wav
train,audio_466.wav
train,audio_218.wav
train,audio_644.wav
train,audio_351.wav
train,audio_248.wav
train,audio_83.wav
train,audio_71.wav
train,audio_287.wav
train,audio_367.wav
train,audio_166.wav
train,audio_94.wav
train,audio_108.wav
train,audio_511.wav
train,audio_5059.wav
train,audio_310.wav
train,audio_50.wav
train,audio_6.wav
train,audio_515.wav
train,audio_742.wav
train,audio_545.wav
train,audio_489.wav
train,audio_697.wav
train,audio_225.wav
train,audio_553.wav
train,audio_237.wav
train,audio_197.wav
train,audio_449.wav
train,audio_567.wav
train,audio_477.wav
train,audio_728.wav
train,audio_377.wav
train,audio_633.wav
train,audio_690.wav
train,audio_525.wav
train,audio_31.wav
train,audio_676.wav
train,audio_263.wav
train,audio_5070.wav
train,audio_510.wav
train,audio_577.wav
train,audio_230.wav
train,audio_314.wav
train,audio_641.wav
train,audio_689.wav
train,audio_352.wav
train,audio_193.wav
train,audio_5049.wav
train,audio_300.wav
train,audio_581.wav
train,audio_164.wav
train,audio_502.wav
train,audio_380.wav
train,audio_15.wav
train,audio_238.wav
train,audio_53.wav
train,audio_283.wav
train,audio_614.wav
train,audio_121.wav
train,audio_216.wav
train,audio_552.wav
train,audio_514.wav
train,audio_593.wav
train,audio_565.wav
train,audio_140.wav
train,audio_117.wav
train,audio_495.wav
train,audio_652.wav
train,audio_645.wav
train,audio_242.wav
train,audio_4.wav
train,audio_93.wav
train,audio_582.wav
train,audio_222.wav
train,audio_5042.wav
train,audio_253.wav
train,audio_167.wav
train,audio_583.wav
train,audio_682.wav
train,audio_5045.wav
train,audio_173.wav
train,audio_338.wav
train,audio_188.wav
train,audio_59.wav
train,audio_318.wav
train,audio_17.wav
train,audio_551.wav
train,audio_275.wav
train,audio_368.wav
train,audio_730.wav
train,audio_5060.wav
train,audio_685.wav
train,audio_7.wav
train,audio_204.wav
train,audio_5064.wav
train,audio_127.wav
train,audio_412.wav
train,audio_132.wav
train,audio_156.wav
train,audio_426.wav
train,audio_709.wav
train,audio_291.wav
train,audio_523.wav
train,audio_632.wav
train,audio_684.wav
train,audio_512.wav
train,audio_764.wav
train,audio_585.wav
train,audio_562.wav
train,audio_465.wav
train,audio_37.wav
train,audio_47.wav
train,audio_233.wav
train,audio_621.wav
train,audio_590.wav
train,audio_349.wav
train,audio_387.wav
train,audio_630.wav
train,audio_5046.wav
train,audio_183.wav
train,audio_607.wav
train,audio_133.wav
train,audio_443.wav
train,audio_55.wav
train,audio_686.wav
train,audio_740.wav
train,audio_699.wav
train,audio_44.wav
train,audio_500.wav
train,audio_265.wav
train,audio_125.wav
train,audio_413.wav
train,audio_256.wav
train,audio_350.wav
train,audio_364.wav
train,audio_131.wav
train,audio_168.wav
train,audio_557.wav
train,audio_670.wav
train,audio_342.wav
train,audio_2.wav
train,audio_5048.wav
train,audio_741.wav
train,audio_294.wav
train,audio_370.wav
train,audio_417.wav
train,audio_753.wav
train,audio_533.wav
train,audio_239.wav
train,audio_566.wav
train,audio_736.wav
train,audio_541.wav
train,audio_531.wav
train,audio_280.wav
train,audio_33.wav
train,audio_307.wav
train,audio_617.wav
train,audio_613.wav
train,audio_472.wav
train,audio_568.wav
train,audio_521.wav
train,audio_401.wav
train,audio_573.wav
train,audio_180.wav
train,audio_320.wav
train,audio_85.wav
train,audio_296.wav
train,audio_250.wav
train,audio_346.wav
train,audio_335.wav
train,audio_20.wav
train,audio_5071.wav
train,audio_558.wav
train,audio_289.wav
train,audio_620.wav
train,audio_665.wav
train,audio_751.wav
train,audio_442.wav
train,audio_362.wav
train,audio_311.wav
train,audio_724.wav
train,audio_39.wav
train,audio_290.wav
train,audio_23.wav
train,audio_624.wav
train,audio_206.wav
train,audio_288.wav
train,audio_60.wav
train,audio_80.wav
train,audio_214.wav
train,audio_599.wav
train,audio_5063.wav
train,audio_207.wav
train,audio_438.wav
train,audio_332.wav
train,audio_159.wav
train,audio_478.wav
train,audio_46.wav
train,audio_130.wav
train,audio_437.wav
train,audio_771.wav
train,audio_759.wav
train,audio_25.wav
train,audio_191.wav
train,audio_182.wav
train,audio_236.wav
train,audio_24.wav
train,audio_428.wav
train,audio_678.wav
train,audio_591.wav
train,audio_597.wav
train,audio_580.wav
train,audio_19.wav
train,audio_476.wav
train,audio_375.wav
train,audio_642.wav
train,audio_66.wav
train,audio_186.wav
train,audio_713.wav
train,audio_354.wav
train,audio_768.wav
train,audio_14.wav
train,audio_208.wav
train,audio_418.wav
train,audio_212.wav
train,audio_177.wav
train,audio_503.wav
train,audio_564.wav
train,audio_257.wav
train,audio_408.wav
train,audio_468.wav
train,audio_574.wav
train,audio_26.wav
train,audio_480.wav
train,audio_706.wav
train,audio_57.wav
train,audio_209.wav
train,audio_712.wav
train,audio_353.wav
train,audio_575.wav
train,audio_383.wav
train,audio_781.wav
train,audio_118.wav
train,audio_337.wav
train,audio_715.wav
train,audio_323.wav
train,audio_374.wav
train,audio_348.wav
train,audio_547.wav
train,audio_41.wav
train,audio_284.wav
train,audio_13.wav
train,audio_548.wav
train,audio_687.wav
train,audio_104.wav
train,audio_181.wav
train,audio_755.wav
train,audio_733.wav
train,audio_5072.wav
train,audio_776.wav
train,audio_70.wav
train,audio_49.wav
train,audio_527.wav
train,audio_273.wav
train,audio_139.wav
train,audio_467.wav
train,audio_407.wav
train,audio_404.wav
train,audio_534.wav
train,audio_96.wav
train,audio_137.wav
train,audio_150.wav
train,audio_339.wav
train,audio_409.wav
train,audio_78.wav
train,audio_244.wav
train,audio_752.wav
train,audio_508.wav
train,audio_664.wav
train,audio_701.wav
train,audio_5044.wav
train,audio_734.wav
train,audio_51.wav
train,audio_704.wav
train,audio_129.wav
train,audio_107.wav
train,audio_143.wav
train,audio_458.wav
train,audio_424.wav
train,audio_563.wav
train,audio_625.wav
train,audio_302.wav
train,audio_154.wav
train,audio_754.wav
train,audio_749.wav
train,audio_366.wav
train,audio_693.wav
train,audio_608.wav
train,audio_220.wav
train,audio_761.wav
train,audio_640.wav
train,audio_67.wav
train,audio_299.wav
train,audio_102.wav
train,audio_258.wav
train,audio_679.wav
train,audio_82.wav
train,audio_325.wav
train,audio_399.wav
train,audio_285.wav
train,audio_784.wav
train,audio_0.wav
train,audio_435.wav
train,audio_91.wav
train,audio_109.wav
train,audio_772.wav
train,audio_270.wav
train,audio_528.wav
train,audio_441.wav
train,audio_381.wav
train,audio_86.wav
train,audio_101.wav
train,audio_333.wav
train,audio_149.wav
train,audio_719.wav
train,audio_638.wav
train,audio_147.wav
train,audio_62.wav
train,audio_763.wav
train,audio_498.wav
train,audio_1.wav
train,audio_304.wav
train,audio_347.wav
train,audio_560.wav
train,audio_452.wav
train,audio_716.wav
train,audio_473.wav
train,audio_95.wav
train,audio_732.wav
train,audio_292.wav
train,audio_469.wav
train,audio_329.wav
train,audio_169.wav
train,audio_174.wav
train,audio_513.wav
train,audio_584.wav
train,audio_345.wav
train,audio_750.wav
train,audio_116.wav
train,audio_114.wav
train,audio_157.wav
train,audio_385.wav
train,audio_264.wav
train,audio_390.wav
train,audio_766.wav
train,audio_571.wav
train,audio_393.wav
train,audio_691.wav
test,audio_128.wav
test,audio_156.wav
test,audio_19.wav
test,audio_108.wav
test,audio_206.wav
test,audio_161.wav
test,audio_215.wav
test,audio_213.wav
test,audio_11.wav
test,audio_155.wav
test,audio_39.wav
test,audio_168.wav
test,audio_133.wav
test,audio_28.wav
test,audio_40.wav
test,audio_181.wav
test,audio_201.wav
test,audio_182.wav
test,audio_126.wav
test,audio_10.wav
test,audio_134.wav
test,audio_69.wav
test,audio_112.wav
test,audio_180.wav
test,audio_177.wav
test,audio_77.wav
test,audio_111.wav
test,audio_18.wav
test,audio_175.wav
test,audio_33.wav
test,audio_15.wav
test,audio_4.wav
test,audio_27.wav
test,audio_96.wav
test,audio_116.wav
test,audio_1.wav
test,audio_22.wav
test,audio_114.wav
test,audio_146.wav
test,audio_46.wav
test,audio_144.wav
test,audio_75.wav
test,audio_200.wav
test,audio_196.wav
test,audio_190.wav
test,audio_158.wav
test,audio_17.wav
test,audio_105.wav
test,audio_141.wav
test,audio_129.wav
test,audio_6.wav
test,audio_70.wav
test,audio_35.wav
test,audio_203.wav
test,audio_90.wav
test,audio_16.wav
test,audio_138.wav
test,audio_100.wav
test,audio_115.wav
test,audio_118.wav
test,audio_137.wav
test,audio_101.wav
test,audio_193.wav
test,audio_102.wav
test,audio_52.wav
test,audio_172.wav
test,audio_191.wav
test,audio_194.wav
test,audio_67.wav
test,audio_160.wav
test,audio_179.wav
test,audio_55.wav
test,audio_145.wav
test,audio_197.wav
test,audio_139.wav
test,audio_91.wav
test,audio_8.wav
test,audio_136.wav
test,audio_199.wav
test,audio_110.wav
test,audio_208.wav
test,audio_152.wav
test,audio_94.wav
test,audio_174.wav
test,audio_23.wav
test,audio_56.wav
test,audio_97.wav
test,audio_148.wav
test,audio_59.wav
test,audio_5.wav
test,audio_119.wav
test,audio_80.wav
test,audio_58.wav
test,audio_123.wav
test,audio_188.wav
test,audio_121.wav
test,audio_107.wav
test,audio_214.wav
test,audio_73.wav
test,audio_169.wav
test,audio_7.wav
test,audio_42.wav
test,audio_88.wav
test,audio_64.wav
test,audio_195.wav
test,audio_57.wav
test,audio_13.wav
test,audio_125.wav
test,audio_209.wav
test,audio_211.wav
test,audio_63.wav
test,audio_86.wav
test,audio_78.wav
test,audio_38.wav
test,audio_186.wav
test,audio_154.wav
test,audio_21.wav
test,audio_120.wav
test,audio_183.wav
test,audio_25.wav
test,audio_122.wav
test,audio_36.wav
test,audio_76.wav
test,audio_163.wav
test,audio_83.wav
test,audio_103.wav
test,audio_93.wav
test,audio_26.wav
test,audio_72.wav
test,audio_210.wav
test,audio_104.wav
test,audio_81.wav
test,audio_166.wav
test,audio_202.wav
test,audio_185.wav
test,audio_9.wav
test,audio_207.wav
test,audio_127.wav
test,audio_12.wav
test,audio_132.wav
test,audio_109.wav
test,audio_32.wav
test,audio_178.wav
test,audio_61.wav
test,audio_34.wav
test,audio_106.wav
test,audio_49.wav
test,audio_149.wav
test,audio_30.wav
test,audio_131.wav
test,audio_162.wav
test,audio_204.wav
test,audio_198.wav
test,audio_135.wav
test,audio_187.wav
test,audio_3.wav
test,audio_98.wav
test,audio_159.wav
test,audio_167.wav
test,audio_205.wav
test,audio_95.wav
test,audio_68.wav
test,audio_31.wav
test,audio_157.wav
test,audio_89.wav
test,audio_82.wav
test,audio_53.wav
test,audio_37.wav
test,audio_113.wav
test,audio_85.wav
test,audio_173.wav
test,audio_41.wav
test,audio_51.wav
test,audio_143.wav
test,audio_92.wav
test,audio_74.wav
test,audio_0.wav
test,audio_147.wav
test,audio_130.wav
test,audio_192.wav
test,audio_43.wav
test,audio_65.wav
test,audio_14.wav
test,audio_117.wav
test,audio_212.wav
test,audio_79.wav
test,audio_171.wav
test,audio_60.wav
test,audio_153.wav
test,audio_176.wav
test,audio_2.wav
test,audio_50.wav
test,audio_29.wav
test,audio_142.wav
test,audio_47.wav
test,audio_84.wav
test,audio_164.wav
test,audio_48.wav
test,audio_189.wav
test,audio_151.wav
test,audio_66.wav
test,audio_44.wav
test,audio_150.wav
test,audio_87.wav
test,audio_99.wav
test,audio_62.wav
test,audio_20.wav
test,audio_124.wav
test,audio_54.wav
test,audio_45.wav
test,audio_71.wav
test,audio_184.wav
test,audio_24.wav
test,audio_140.wav
test,audio_165.wav
test,audio_170.wav
